Sno,frequency,surprise,like,c1_familiarity,c2_familiarity
1,45,3,4,4,3.06234414
2,82,5,5,5,3.06234414
3,19,1,4,2,3.06234414
4,7,1,3,4,3.06234414
5,9,3,3,1,3.06234414
6,14,2,1,1,3.06234414
7,31,5,4,1,3.06234414
8,22,2,3,2,3.06234414
9,4,1,3,3,3.06234414
10,16,2,4,4,3.06234414
11,23,4,3,4,3.06234414
12,14,3,2,1,3.06234414
13,35,3,3,1,3.06234414
14,24,5,5,3,3.06234414
15,32,3,3,4,3.06234414
16,15,1,3,5,3.06234414
17,18,1,3,2,3.06234414
18,17,2,3,4,3.06234414
19,23,1,4,4,3.06234414
20,42,2,4,1,3.06234414
21,31,3,5,4,3.06234414
22,24,2,3,2,3.06234414
23,10,3,4,4,3.06234414
24,39,2,3,2,3.06234414
25,20,4,5,4,3.06234414
26,22,4,3,3,3.06234414
27,24,5,4,3,3.06234414
28,41,5,4,3,3.06234414
29,20,1,5,2,3.06234414
30,38,1,3,4,3.06234414
31,48,5,5,3,3.06234414
32,30,3,4,3,3.06234414
33,23,5,3,2,3.06234414
34,34,2,3,4,3.06234414
35,21,2,4,2,3.06234414
36,53,1,4,4,3.06234414
37,11,3,2,3,3.06234414
38,24,4,3,2,3.06234414
39,51,1,4,4,3.06234414
40,20,3,3,4,3.06234414
41,15,4,4,4,3.06234414
42,12,5,5,3,3.06234414
43,12,4,4,1,3.06234414
44,23,1,4,4,3.06234414
45,23,5,5,2,3.06234414
46,16,4,5,3,3.06234414
47,10,3,4,2,3.06234414
48,26,3,5,4,3.06234414
49,20,3,4,3,3.06234414
50,35,2,2,4,3.06234414
51,45,4,5,4,3.06234414
52,65,2,4,5,3.06234414
53,23,2,4,5,3.06234414
54,40,1,3,4,3.06234414
55,7,1,4,3,3.06234414
56,12,4,3,3,3.06234414
57,14,4,2,4,3.06234414
58,28,1,4,2,3.06234414
59,16,5,2,4,3.06234414
60,21,3,2,2,3.06234414
61,15,1,1,4,3.06234414
62,28,3,5,4,3.06234414
63,20,4,3,4,3.06234414
64,6,5,5,3,3.06234414
65,18,1,2,4,3.06234414
66,21,1,4,4,3.06234414
67,43,3,4,2,3.06234414
68,27,3,3,3,3.06234414
69,23,5,5,4,3.06234414
70,10,3,3,1,3.06234414
71,37,3,5,3,3.06234414
72,45,5,3,2,3.06234414
73,18,4,4,4,3.06234414
74,26,1,4,4,3.06234414
75,56,5,4,4,3.06234414
76,31,3,5,1,3.06234414
77,26,3,2,2,3.06234414
78,22,5,4,4,3.06234414
79,25,5,5,4,3.06234414
80,25,2,2,2,3.06234414
81,18,2,3,4,3.06234414
82,23,1,5,3,3.06234414
83,34,1,1,4,3.06234414
84,15,5,4,5,3.06234414
85,63,3,2,5,3.06234414
86,38,1,3,4,3.06234414
87,18,1,5,4,3.06234414
88,38,4,5,3,3.06234414
89,53,1,2,2,3.06234414
90,17,5,5,4,3.06234414
91,17,4,2,2,3.06234414
92,33,2,3,4,3.06234414
93,29,3,4,3,3.06234414
94,18,2,2,3,3
95,23,2,4,4,3
96,29,2,4,3,4
97,25,3,4,4,4
98,26,4,3,4,4
99,41,1,4,4,3
100,11,1,4,5,5
101,14,3,2,1,1
102,19,3,2,4,4
103,28,3,3,4,5
104,38,5,5,1,1
105,33,5,5,4,3
106,29,3,5,4,4
107,10,5,5,4,1
108,25,1,3,4,5
109,25,4,4,4,4
110,28,2,3,3,2
111,42,1,2,2,2
112,28,2,4,1,4
113,29,3,3,1,1
114,28,1,4,4,4
115,24,3,3,2,4
116,28,5,3,4,3
117,31,3,5,4,2
118,34,5,5,2,3
119,14,4,3,4,4
120,13,1,3,2,1
121,40,5,5,5,4
122,57,1,1,3,3
123,18,3,3,5,4
124,22,2,2,3,3
125,14,5,4,2,2
126,42,1,3,3,3
127,16,3,4,5,4
128,28,1,3,3,1
129,10,5,5,1,3
130,8,3,4,3,3
131,20,5,5,2,2
132,11,1,3,1,2
133,42,4,3,4,3
134,18,1,4,2,2
135,34,4,5,5,5
136,21,4,4,3,4
137,24,3,2,1,1
138,17,5,5,4,4
139,52,2,3,4,4
140,10,3,4,4,3
141,29,3,3,4,4
142,31,5,4,1,2
143,71,2,2,1,5
144,13,3,4,2,2
145,28,3,3,2,2
146,11,4,4,2,4
147,16,4,3,2,2
148,22,2,4,2,5
149,31,4,4,4,3
150,43,4,5,3,5
151,12,4,4,3,4
152,30,3,3,1,1
153,33,5,3,4,4
154,46,3,3,4,4
155,38,3,4,4,3
156,24,4,2,4,2
157,21,1,3,5,5
158,12,2,3,4,1
159,29,3,2,2,2
160,41,2,4,4,2
161,68,2,2,3,5
162,16,4,4,2,4
163,14,4,3,2,1
164,32,4,3,1,4
165,25,3,4,4,3
166,29,3,4,4,5
167,30,4,4,3,3
168,27,2,3,3,2
169,21,1,2,4,4
170,16,5,5,3,1
171,32,4,5,4,1
172,40,3,4,3,4
173,12,2,5,5,2
174,44,1,5,3,4
175,40,2,2,2,2
176,14,1,3,4,4
177,52,2,3,1,4
178,47,2,2,1,1
179,33,3,4,3,4
180,38,3,3,4,4
181,54,4,4,3,4
182,32,3,5,3,4
183,27,3,4,3,3
184,20,3,2,2,2
185,23,1,5,4,4
186,16,4,4,3,2
187,23,2,4,3,3
188,43,3,4,5,5
189,30,2,4,1,4
190,40,2,4,5,4
191,13,5,5,1,1
192,21,4,5,2,4
193,16,3,2,4,1
194,15,3,2,1,3
195,9,3,3,5,5
196,33,1,3,4,4
197,34,3,4,5,5
198,16,3,3,3,5
199,38,4,5,5,2
200,39,1,3,4,4
201,22,2,5,1,4
202,17,1,2,5,4
203,4,1,4,3,2
204,22,3,5,2,4
205,30,4,4,5,4
206,25,3,3,4,4
207,16,4,3,4,3
208,34,3,2,3,3
209,14,3,4,4,3
210,40,1,2,3,1
211,20,3,3,4,2
212,53,1,4,3,3
213,22,4,4,1,2
214,28,3,4,2,2
215,15,2,4,3,4
216,25,3,2,1,4
217,19,1,2,2,2
218,34,4,4,2,4
219,12,2,2,1,3
220,40,4,4,2,4
221,23,5,2,4,3
222,23,5,3,1,2
223,34,2,4,4,5
224,31,5,5,4,1
225,48,2,3,3,1
226,29,4,4,3,4
227,12,5,5,3,3
228,24,2,3,2,2
229,15,5,5,3,4
230,23,3,4,2,3
231,18,1,3,5,4
232,25,4,4,3,2
233,20,5,5,2,1
234,23,3,4,2,2
235,20,3,2,1,2
236,24,3,3,4,2
237,28,5,3,2,1
238,15,2,2,3,4
239,13,4,4,4,4
240,34,1,3,4,4
241,25,1,4,4,3
242,32,4,4,4,4
243,10,1,4,3,3
244,43,3,3,4,3
245,16,2,4,4,4
246,5,4,5,2,4
247,9,2,2,5,5
248,23,2,2,4,5
249,24,4,4,2,3
250,32,4,5,5,1
251,12,2,2,4,3
252,33,1,1,5,3
253,27,5,4,1,5
254,38,3,3,3,4
255,9,2,3,3,2
256,20,4,4,4,3
257,17,5,4,2,2
258,32,4,5,4,2
259,11,1,2,5,4
260,23,2,2,1,2
261,27,4,3,3,3
262,9,1,2,3,4
263,17,4,1,5,2
264,66,2,3,1,3
265,15,2,5,5,3
266,39,2,3,4,3
267,33,2,4,4,4
268,25,1,2,1,4
269,26,3,3,4,4
270,11,1,4,5,5
271,19,2,3,1,1
272,18,4,4,1,5
273,36,2,4,4,4
274,34,2,4,3,3
275,21,3,5,1,1
276,22,5,5,2,2
277,15,4,3,2,3
278,33,5,5,4,3
279,43,2,4,4,2
280,30,5,1,2,1
281,12,2,4,3,3
282,28,2,5,2,2
283,36,4,4,5,5
284,12,4,3,4,4
285,27,4,4,4,4
286,28,2,2,3,3
287,31,5,4,2,2
288,22,4,5,2,2
289,27,2,4,4,4
290,26,3,4,4,3
291,25,2,3,2,1
292,47,2,2,1,4
293,39,4,3,1,5
294,26,2,4,2,4
295,18,4,3,4,4
296,27,4,3,1,3
297,49,1,1,1,5
298,35,5,2,5,4
299,25,2,1,4,3
300,34,4,3,4,3
301,20,2,4,5,4
302,24,4,5,5,3
303,35,3,2,2,3
304,21,2,1,4,4
305,19,4,4,3,4
306,17,4,5,4,2
307,36,2,2,3,3
308,17,2,4,5,5
309,29,4,5,1,1
310,29,1,4,4,4
311,17,2,3,5,2
312,34,2,4,4,1
313,41,2,2,1,1
314,10,4,4,3,1
315,73,1,5,3,5
316,16,1,5,3,3
317,28,3,3,2,1
318,32,5,5,4,3
319,35,4,4,3,3
320,24,2,5,4,2
321,32,1,3,5,5
322,16,3,3,5,4
323,22,4,5,2,2
324,14,4,4,4,3
325,25,4,3,1,5
326,28,2,3,3,3
327,26,3,4,2,2
328,21,2,5,5,5
329,9,4,5,5,2
330,35,2,4,5,4
331,23,2,3,1,2
332,29,4,3,3,3
333,10,4,3,2,2
334,17,4,4,4,4
335,25,1,3,5,4
336,26,2,1,1,3
337,34,2,5,5,5
338,24,1,3,4,4
339,26,4,3,3,3
340,30,1,4,5,1
341,15,2,3,4,3
342,36,1,4,3,2
343,52,2,4,3,3
344,17,2,5,5,5
345,27,5,5,4,4
346,55,4,3,2,2
347,25,5,4,2,4
348,13,3,4,4,3
349,20,3,3,1,2
350,5,5,3,3,5
351,17,4,4,1,2
352,18,1,3,5,5
353,17,4,5,3,4
354,26,4,5,5,5
355,21,3,4,5,5
356,39,5,5,4,5
357,26,4,4,1,1
358,25,5,5,1,1
359,7,4,3,3,2
360,12,3,3,4,5
361,22,5,5,5,3
362,38,3,3,2,5
363,41,4,3,3,2
364,29,3,3,3,1
365,20,4,4,2,1
366,30,3,3,4,2
367,38,1,1,1,1
368,25,5,5,2,2
369,22,2,5,4,4
370,11,1,3,2,2
371,32,4,4,5,4
372,26,5,4,1,5
373,25,4,4,4,4
374,12,3,3,5,3
375,37,5,5,2,2
376,46,2,4,4,3
377,18,4,3,1,1
378,16,3,3,4,4
379,22,1,2,2,4
380,46,3,2,2,4
381,27,3,3,4,1
382,1,1,4,2,4
383,21,4,3,4,3
384,44,3,3,4,3
385,21,2,3,2,3
386,21,3,2,3,2
387,40,1,4,5,3
388,9,2,4,3,4
389,21,2,3,3,3
390,16,5,5,3,2
391,54,3,3,3,4
392,50,4,3,3,3
393,32,1,3,4,4
394,38,3,4,4,4
395,48,3,4,4,4
396,47,2,3,2,1
397,34,4,4,1,1
398,21,1,2,5,5
399,31,2,3,4,3
400,26,1,2,5,4
401,34,2,2,2,2
402,16,4,1,4,4
403,39,1,1,2,4
404,28,4,5,4,4
405,14,4,3,5,4
406,46,5,5,2,1
407,30,4,4,3,4
408,49,2,2,2,2
409,34,4,4,2,2
410,27,2,3,3,4
411,33,1,3,3,3
412,22,1,2,5,4
413,37,4,4,3,2
414,37,1,1,1,1
415,19,2,2,2,2
416,36,2,3,5,2
417,23,2,4,3,3
418,20,3,1,4,2
419,28,1,4,1,1
420,33,5,5,5,4
421,20,4,4,5,4
422,25,4,2,3,3
423,9,3,3,3,1
424,34,2,3,3,4
425,40,4,4,2,2
426,27,1,1,4,5
427,25,1,3,3,2
428,30,2,2,2,2
429,43,2,1,2,2
430,29,2,4,4,5
431,14,4,5,3,2
432,18,1,3,4,3
433,25,4,4,5,5
434,28,2,5,4,4
435,18,1,3,2,3
436,33,5,5,5,5
437,16,1,3,5,5
438,16,5,5,1,1
439,34,3,5,4,4
440,28,5,3,2,1
441,27,2,3,3,3
442,35,1,2,3,1
443,42,3,2,2,2
444,30,4,3,4,4
445,32,3,5,4,4
446,8,4,3,2,2
447,32,3,3,3,3
448,29,2,4,2,2
449,41,1,3,3,3
450,32,3,2,3,4
451,71,1,5,1,2
452,16,5,4,5,2
453,38,3,3,3,3
454,26,3,4,4,4
455,10,4,3,1,2
456,18,2,2,2,1
457,34,2,3,3,2
458,46,2,2,4,2
459,64,2,4,3,3
460,46,4,5,2,1
461,15,1,3,5,5
462,40,3,3,4,3
463,42,2,3,3,2
464,37,2,4,4,4
465,15,1,3,5,5
466,38,4,4,5,5
467,16,3,4,1,4
468,15,2,3,4,4
469,14,4,1,2,1
470,11,4,4,3,3
471,39,5,5,5,4
472,32,3,1,1,1
473,41,2,3,4,4
474,19,4,3,4,2
475,22,2,3,5,4
476,31,4,3,1,3
477,84,4,3,1,1
478,26,4,4,4,4
479,20,5,4,2,5
480,29,5,5,3,3
481,16,4,5,2,2
482,17,4,3,1,3
483,30,4,5,3,3
484,39,3,4,4,3
485,33,3,1,3,3
486,39,1,1,3,3
487,41,3,4,3,3
488,5,1,4,3,1
489,29,2,2,3,2
490,26,4,5,4,3
491,9,5,5,5,5
492,52,1,3,4,3
493,30,2,4,2,3
494,19,4,5,3,3
495,38,4,4,5,3.06234414
496,32,3,3,5,3.06234414
497,24,2,3,4,3.06234414
498,58,4,5,4,3.06234414
499,37,4,3,4,3.06234414
500,23,4,3,4,3.06234414
501,45,1,2,4,3.099750623
502,82,5,3,2,3.099750623
503,19,5,5,1,3.099750623
504,7,1,1,2,3.099750623
505,9,3,4,4,3.099750623
506,14,4,5,1,3.099750623
507,31,5,4,2,3.099750623
508,22,1,2,4,3.099750623
509,4,2,5,5,3.099750623
510,16,1,3,4,3.099750623
511,23,3,4,5,3.099750623
512,14,1,4,2,3.099750623
513,35,5,4,4,3.099750623
514,24,5,5,4,3.099750623
515,32,5,5,5,3.099750623
516,15,3,4,4,3.099750623
517,18,3,4,4,3.099750623
518,17,3,3,5,3.099750623
519,23,3,5,4,3.099750623
520,42,1,5,2,3.099750623
521,31,1,3,4,3.099750623
522,24,1,3,4,3.099750623
523,10,2,1,3,3.099750623
524,39,3,3,5,3.099750623
525,20,4,3,4,3.099750623
526,22,5,5,3,3.099750623
527,24,5,5,3,3.099750623
528,41,4,5,4,3.099750623
529,20,3,4,3,3.099750623
530,38,5,5,4,3.099750623
531,48,3,4,5,3.099750623
532,30,1,4,5,3.099750623
533,23,5,4,2,3.099750623
534,34,1,3,3,3.099750623
535,21,5,5,2,3.099750623
536,53,3,5,5,3.099750623
537,11,2,2,1,3.099750623
538,24,3,3,4,3.099750623
539,51,1,4,4,3.099750623
540,20,2,4,5,3.099750623
541,15,5,5,4,3.099750623
542,12,5,5,4,3.099750623
543,12,1,1,3,3.099750623
544,23,4,4,3,3.099750623
545,23,3,3,4,3.099750623
546,16,1,2,4,3.099750623
547,10,2,4,4,3.099750623
548,26,2,3,3,3.099750623
549,20,1,3,4,3.099750623
550,35,3,1,1,3.099750623
551,45,1,4,4,3.099750623
552,65,2,3,2,3.099750623
553,23,2,3,2,3.099750623
554,40,1,3,4,3.099750623
555,7,3,5,4,3.099750623
556,12,5,5,1,3.099750623
557,14,4,4,2,3.099750623
558,28,4,5,3,3.099750623
559,16,4,3,4,3.099750623
560,21,1,4,2,3.099750623
561,15,5,2,2,3.099750623
562,28,3,3,1,3.099750623
563,20,2,2,4,3.099750623
564,6,3,2,1,3.099750623
565,18,2,4,4,3.099750623
566,21,3,3,4,3.099750623
567,43,5,5,4,3.099750623
568,27,4,4,4,3.099750623
569,23,4,5,4,3.099750623
570,10,4,4,2,3.099750623
571,37,5,5,4,3.099750623
572,45,1,1,4,3.099750623
573,18,5,4,1,3.099750623
574,26,1,3,4,3.099750623
575,56,1,3,4,3.099750623
576,31,1,3,3,3.099750623
577,26,2,4,4,3.099750623
578,22,5,4,2,3.099750623
579,25,3,4,4,3.099750623
580,25,1,3,4,3.099750623
581,18,1,3,4,3.099750623
582,23,5,5,1,3.099750623
583,34,5,5,1,3.099750623
584,15,3,4,4,3.099750623
585,63,2,3,2,3.099750623
586,38,1,4,4,3.099750623
587,18,4,3,1,3.099750623
588,38,5,5,4,3.099750623
589,53,4,3,4,3.099750623
590,17,3,5,4,3.099750623
591,17,3,5,5,3.099750623
592,33,5,5,3,3.099750623
593,29,2,4,4,3.099750623
594,18,5,4,3,3
595,23,1,4,3,2
596,29,3,4,2,4
597,25,1,3,3,3
598,26,1,5,5,5
599,41,4,4,1,2
600,11,2,4,4,4
601,14,5,5,5,5
602,19,5,4,3,2
603,28,3,2,2,4
604,38,4,5,1,4
605,33,5,5,2,1
606,29,1,1,2,4
607,10,4,5,3,3
608,25,4,4,3,4
609,25,4,4,2,3
610,28,3,4,1,1
611,42,5,5,1,2
612,28,4,3,4,4
613,29,4,4,2,2
614,28,2,4,2,1
615,24,1,3,3,5
616,28,2,3,3,2
617,31,2,5,4,2
618,34,4,4,2,2
619,14,3,4,5,4
620,13,2,3,3,3
621,40,4,2,5,5
622,57,3,4,5,4
623,18,2,5,4,4
624,22,3,5,4,2
625,14,3,4,2,3
626,42,1,3,4,3
627,16,1,4,4,4
628,28,4,3,3,4
629,10,3,4,2,3
630,8,5,5,3,1
631,20,5,4,4,2
632,11,3,5,5,2
633,42,4,3,4,4
634,18,4,4,1,2
635,34,3,3,3,3
636,21,5,3,1,2
637,24,3,4,3,1
638,17,3,4,2,3
639,52,4,3,4,4
640,10,4,4,4,3
641,29,4,4,4,4
642,31,4,4,3,3
643,71,2,4,5,4
644,13,2,2,4,4
645,28,3,4,5,5
646,11,2,5,4,3
647,16,4,3,2,2
648,22,3,4,2,4
649,31,2,4,4,2
650,43,4,3,2,4
651,12,5,4,2,2
652,30,3,4,4,5
653,33,3,5,4,5
654,46,3,4,3,4
655,38,4,2,3,2
656,24,3,4,4,2
657,21,4,4,4,3
658,12,2,3,2,3
659,29,5,4,3,4
660,41,3,4,3,2
661,68,2,2,3,4
662,16,5,5,2,3
663,14,5,5,2,2
664,32,5,5,2,5
665,25,2,5,3,3
666,29,3,3,1,1
667,30,5,3,1,1
668,27,2,4,1,2
669,21,5,5,4,5
670,16,4,3,5,2
671,32,2,3,4,2
672,40,1,3,4,1
673,12,1,4,3,3
674,44,4,4,3,2
675,40,2,4,2,2
676,14,1,2,3,3
677,52,3,3,1,4
678,47,2,3,2,2
679,33,4,4,1,2
680,38,1,1,1,5
681,54,3,2,4,4
682,32,3,4,4,4
683,27,3,4,3,5
684,20,5,5,4,4
685,23,3,4,5,5
686,16,3,4,3,4
687,23,5,4,4,4
688,43,1,4,2,4
689,30,4,3,1,3
690,40,2,4,2,5
691,13,2,3,4,2
692,21,5,5,1,1
693,16,2,3,1,1
694,15,2,4,2,4
695,9,1,4,2,1
696,33,1,4,4,4
697,34,3,1,4,3
698,16,4,3,2,3
699,38,3,3,3,4
700,39,1,5,4,4
701,22,5,5,4,5
702,17,5,5,4,4
703,4,3,3,4,3
704,22,4,2,4,3
705,30,4,5,4,5
706,25,4,5,4,4
707,16,5,4,4,2
708,34,3,3,2,1
709,14,3,4,2,3
710,40,3,4,4,4
711,20,2,1,4,4
712,53,3,5,3,3
713,22,1,3,3,3
714,28,3,4,1,4
715,15,5,5,3,3
716,25,3,4,3,3
717,19,4,5,4,4
718,34,2,3,2,5
719,12,2,2,1,3
720,40,5,5,1,2
721,23,5,4,4,5
722,23,5,5,2,3
723,34,1,4,3,4
724,31,2,2,5,1
725,48,5,5,5,1
726,29,1,5,5,5
727,12,4,5,3,3
728,24,4,4,4,4
729,15,4,5,3,3
730,23,2,4,1,1
731,18,3,4,2,2
732,25,3,4,1,1
733,20,3,4,4,3
734,23,5,4,4,4
735,20,3,4,4,5
736,24,2,2,3,1
737,28,1,4,4,3
738,15,4,2,1,3
739,13,5,4,2,3
740,34,1,1,1,1
741,25,4,3,4,2
742,32,2,3,1,1
743,10,2,3,3,3
744,43,2,3,2,1
745,16,2,3,5,1
746,5,3,2,2,3
747,9,3,3,3,4
748,23,5,5,5,2
749,24,1,5,1,4
750,32,3,5,3,1
751,12,2,4,5,5
752,33,2,2,4,3
753,27,1,1,1,3
754,38,3,5,5,5
755,9,2,2,3,3
756,20,4,5,2,4
757,17,5,4,4,4
758,32,4,3,3,5
759,11,2,1,3,3
760,23,4,4,5,2
761,27,1,2,3,4
762,9,2,3,5,4
763,17,5,3,3,3
764,66,2,2,2,3
765,15,5,5,3,4
766,39,3,4,5,5
767,33,1,3,3,2
768,25,5,5,1,2
769,26,1,3,4,4
770,11,1,4,3,5
771,19,3,2,2,2
772,18,4,5,3,5
773,36,3,4,1,2
774,34,5,5,2,3
775,21,4,3,4,4
776,22,3,3,2,2
777,15,2,3,2,4
778,33,1,4,5,5
779,43,4,5,4,4
780,30,2,3,2,2
781,12,5,4,2,4
782,28,5,5,1,1
783,36,3,2,2,3
784,12,3,2,4,1
785,27,3,5,3,4
786,28,4,4,2,4
787,31,5,5,5,5
788,22,4,4,2,4
789,27,2,4,4,4
790,26,2,2,2,2
791,25,5,5,4,3
792,47,5,5,5,4
793,39,5,4,3,4
794,26,1,4,1,4
795,18,3,2,1,2
796,27,4,3,2,3
797,49,1,3,4,4
798,35,2,2,2,3
799,25,2,4,3,3
800,34,4,4,3,3
801,20,2,3,2,5
802,24,2,1,4,3
803,35,3,4,2,2
804,21,4,4,4,4
805,19,4,1,2,4
806,17,4,3,3,1
807,36,4,5,2,3
808,17,1,2,1,2
809,29,5,5,3,1
810,29,1,4,4,3
811,17,5,3,2,4
812,34,2,2,3,4
813,41,5,5,4,1
814,10,5,5,1,1
815,73,1,4,2,4
816,16,4,3,5,5
817,28,4,3,5,4
818,32,2,2,3,3
819,35,1,3,1,1
820,24,4,4,3,5
821,32,2,4,1,1
822,16,5,4,5,5
823,22,4,4,5,4
824,14,2,3,1,2
825,25,5,4,2,3
826,28,4,5,2,1
827,26,4,3,3,4
828,21,2,3,4,3
829,9,3,4,4,5
830,35,5,5,5,5
831,23,5,5,3,4
832,29,4,3,3,3
833,10,2,2,3,3
834,17,4,3,3,4
835,25,1,2,5,5
836,26,2,4,4,4
837,34,3,5,1,1
838,24,3,5,3,3
839,26,3,4,5,5
840,30,4,4,3,3
841,15,4,5,5,4
842,36,1,4,4,3
843,52,2,2,3,3
844,17,3,4,4,4
845,27,4,5,5,5
846,55,2,2,3,3
847,25,5,5,1,2
848,13,2,4,3,5
849,20,3,3,5,5
850,5,4,4,3,3
851,17,5,4,4,3
852,18,4,4,3,2
853,17,3,3,4,5
854,26,3,5,5,4
855,21,4,3,4,1
856,39,2,3,4,2
857,26,3,4,3,3
858,25,1,5,5,4
859,7,3,3,4,3
860,12,3,4,4,4
861,22,3,2,3,2
862,38,5,4,5,5
863,41,4,4,5,5
864,29,1,5,5,3
865,20,4,4,3,1
866,30,3,4,4,2
867,38,3,4,5,1
868,25,4,3,4,4
869,22,5,5,5,5
870,11,4,5,4,5
871,32,4,5,5,4
872,26,3,1,2,1
873,25,1,4,4,1
874,12,2,5,3,5
875,37,5,5,2,2
876,46,3,3,1,1
877,18,5,3,3,2
878,16,1,5,2,2
879,22,4,4,4,4
880,46,5,5,4,5
881,27,2,1,4,4
882,1,1,5,5,4
883,21,3,2,4,3
884,44,2,3,5,2
885,21,5,4,1,1
886,21,5,1,1,2
887,40,1,3,5,1
888,9,3,4,3,4
889,21,5,2,1,1
890,16,1,5,3,5
891,54,4,4,4,3
892,50,2,4,5,3
893,32,1,4,4,4
894,38,1,3,4,3
895,48,1,4,4,4
896,47,2,4,4,4
897,34,2,3,1,1
898,21,1,4,4,3
899,31,3,2,2,4
900,26,1,1,5,5
901,34,4,3,3,3
902,16,3,2,2,2
903,39,4,5,2,3
904,28,5,5,3,2
905,14,1,1,1,3
906,46,4,3,4,4
907,30,2,3,4,4
908,49,1,1,5,2
909,34,4,4,5,5
910,27,4,5,3,3
911,33,1,3,3,3
912,22,4,3,3,4
913,37,5,5,3,2
914,37,2,4,2,2
915,19,4,4,3,5
916,36,2,5,4,3
917,23,4,3,5,5
918,20,3,4,4,3
919,28,4,4,3,3
920,33,5,4,2,1
921,20,3,1,2,2
922,25,1,4,4,1
923,9,2,2,2,1
924,34,5,5,1,2
925,40,4,4,4,3
926,27,2,4,3,5
927,25,2,4,4,4
928,30,5,5,3,4
929,43,3,4,3,4
930,29,3,4,4,4
931,14,4,5,3,2
932,18,2,3,4,2
933,25,1,2,1,2
934,28,4,4,4,3
935,18,2,4,1,4
936,33,5,3,1,1
937,16,2,4,5,4
938,16,4,3,5,2
939,34,4,2,3,4
940,28,4,4,3,2
941,27,3,4,2,3
942,35,4,1,1,1
943,42,4,4,2,2
944,30,2,5,3,4
945,32,4,5,4,4
946,8,4,3,2,4
947,32,2,2,4,3
948,29,4,4,3,3
949,41,2,4,3,3
950,32,5,3,5,1
951,71,2,4,3,3
952,16,2,4,4,3
953,38,4,5,4,1
954,26,4,4,2,2
955,10,4,3,3,1
956,18,4,3,3,3
957,34,3,4,4,3
958,46,3,4,5,5
959,64,4,4,3,4
960,46,3,4,4,2
961,15,2,4,3,2
962,40,4,4,1,1
963,42,3,3,3,3
964,37,2,4,4,4
965,15,5,3,2,2
966,38,3,4,2,2
967,16,3,1,1,1
968,15,4,5,4,3
969,14,3,4,3,3
970,11,4,4,5,5
971,39,4,4,4,2
972,32,5,5,3,3
973,41,3,4,3,3
974,19,3,5,3,4
975,22,2,3,3,5
976,31,2,4,2,5
977,84,2,4,5,1
978,26,2,4,3,2
979,20,2,3,1,4
980,29,4,4,4,4
981,16,3,2,4,3
982,17,3,2,3,4
983,30,3,3,5,2
984,39,4,4,3,3
985,33,2,5,5,4
986,39,4,4,4,4
987,41,2,2,3,3
988,5,2,1,3,5
989,29,2,2,3,3
990,26,4,5,4,3
991,9,4,4,2,4
992,52,4,2,4,3
993,30,2,5,4,4
994,19,3,2,3,2
995,38,4,4,5,3.099750623
996,32,2,4,4,3.099750623
997,24,1,4,4,3.099750623
998,58,4,4,4,3.099750623
999,37,4,4,4,3.099750623
1000,23,3,3,4,3.099750623
1001,45,3,3,4,3.019950125
1002,82,4,4,5,3.019950125
1003,19,5,4,3,3.019950125
1004,7,1,3,4,3.019950125
1005,9,1,5,3,3.019950125
1006,14,1,5,3,3.019950125
1007,31,3,4,3,3.019950125
1008,22,1,5,4,3.019950125
1009,4,4,5,4,3.019950125
1010,16,2,3,2,3.019950125
1011,23,4,3,2,3.019950125
1012,14,2,4,4,3.019950125
1013,35,4,5,4,3.019950125
1014,24,1,3,4,3.019950125
1015,32,4,4,3,3.019950125
1016,15,4,5,5,3.019950125
1017,18,2,3,5,3.019950125
1018,17,4,5,4,3.019950125
1019,23,3,4,1,3.019950125
1020,42,5,4,3,3.019950125
1021,31,5,4,4,3.019950125
1022,24,1,4,3,3.019950125
1023,10,5,5,2,3.019950125
1024,39,4,4,4,3.019950125
1025,20,1,2,2,3.019950125
1026,22,3,4,4,3.019950125
1027,24,3,4,4,3.019950125
1028,41,4,5,4,3.019950125
1029,20,5,5,3,3.019950125
1030,38,5,4,5,3.019950125
1031,48,5,4,1,3.019950125
1032,30,4,5,4,3.019950125
1033,23,1,5,4,3.019950125
1034,34,1,4,2,3.019950125
1035,21,3,4,4,3.019950125
1036,53,4,5,3,3.019950125
1037,11,3,2,1,3.019950125
1038,24,3,4,4,3.019950125
1039,51,1,4,3,3.019950125
1040,20,3,3,1,3.019950125
1041,15,5,4,3,3.019950125
1042,12,1,5,5,3.019950125
1043,12,4,1,3,3.019950125
1044,23,5,3,2,3.019950125
1045,23,4,4,4,3.019950125
1046,16,1,3,4,3.019950125
1047,10,2,4,2,3.019950125
1048,26,3,4,4,3.019950125
1049,20,2,4,3,3.019950125
1050,35,1,3,4,3.019950125
1051,45,2,3,3,3.019950125
1052,65,3,4,3,3.019950125
1053,23,4,4,4,3.019950125
1054,40,1,2,4,3.019950125
1055,7,5,3,2,3.019950125
1056,12,1,3,2,3.019950125
1057,14,3,2,1,3.019950125
1058,28,1,4,4,3.019950125
1059,16,2,3,3,3.019950125
1060,21,1,5,2,3.019950125
1061,15,1,2,2,3.019950125
1062,28,1,3,2,3.019950125
1063,20,5,5,1,3.019950125
1064,6,4,4,3,3.019950125
1065,18,1,3,4,3.019950125
1066,21,5,5,5,3.019950125
1067,43,4,4,4,3.019950125
1068,27,2,5,4,3.019950125
1069,23,4,4,3,3.019950125
1070,10,1,3,1,3.019950125
1071,37,3,4,4,3.019950125
1072,45,5,4,4,3.019950125
1073,18,2,2,2,3.019950125
1074,26,2,3,4,3.019950125
1075,56,1,3,4,3.019950125
1076,31,1,2,1,3.019950125
1077,26,2,3,2,3.019950125
1078,22,4,4,3,3.019950125
1079,25,5,4,2,3.019950125
1080,25,2,3,4,3.019950125
1081,18,3,4,2,3.019950125
1082,23,1,3,2,3.019950125
1083,34,1,4,4,3.019950125
1084,15,1,3,4,3.019950125
1085,63,3,4,3,3.019950125
1086,38,3,4,4,3.019950125
1087,18,1,5,2,3.019950125
1088,38,3,4,2,3.019950125
1089,53,5,5,5,3.019950125
1090,17,3,2,2,3.019950125
1091,17,2,2,3,3.019950125
1092,33,2,5,5,3.019950125
1093,29,2,5,4,3.019950125
1094,18,2,3,5,4
1095,23,2,4,2,4
1096,29,1,3,4,2
1097,25,1,5,5,2
1098,26,3,4,3,4
1099,41,5,5,4,2
1100,11,4,3,4,4
1101,14,3,4,3,3
1102,19,2,3,4,4
1103,28,3,3,2,1
1104,38,4,5,1,4
1105,33,2,4,2,4
1106,29,1,3,4,4
1107,10,4,3,4,4
1108,25,2,4,4,4
1109,25,4,2,4,1
1110,28,3,3,2,2
1111,42,5,5,4,4
1112,28,2,3,4,4
1113,29,1,5,3,3
1114,28,2,3,2,2
1115,24,3,4,4,3
1116,28,2,4,4,4
1117,31,3,5,5,4
1118,34,5,4,4,4
1119,14,3,3,3,2
1120,13,2,1,2,4
1121,40,2,4,5,5
1122,57,2,3,2,2
1123,18,5,2,2,2
1124,22,1,4,4,4
1125,14,3,3,2,1
1126,42,4,5,2,3
1127,16,2,4,4,4
1128,28,5,5,1,2
1129,10,5,3,1,3
1130,8,1,1,5,5
1131,20,1,2,4,4
1132,11,1,3,3,2
1133,42,4,4,2,3
1134,18,2,4,2,2
1135,34,5,5,2,2
1136,21,5,5,2,4
1137,24,4,4,2,1
1138,17,5,2,5,2
1139,52,3,1,3,1
1140,10,3,3,4,4
1141,29,5,5,1,3
1142,31,4,5,1,4
1143,71,2,4,4,5
1144,13,3,3,4,4
1145,28,4,5,4,5
1146,11,2,2,2,2
1147,16,2,4,2,2
1148,22,3,3,1,4
1149,31,1,1,5,4
1150,43,4,5,5,2
1151,12,3,3,4,4
1152,30,3,3,4,4
1153,33,3,3,4,4
1154,46,1,4,4,5
1155,38,2,4,2,3
1156,24,1,3,4,4
1157,21,2,3,4,3
1158,12,1,1,2,3
1159,29,2,2,4,2
1160,41,1,3,5,4
1161,68,2,2,2,3
1162,16,5,5,4,4
1163,14,3,4,3,1
1164,32,4,5,2,2
1165,25,2,4,1,2
1166,29,2,2,3,1
1167,30,5,4,2,3
1168,27,2,4,4,1
1169,21,1,2,3,3
1170,16,4,4,3,3
1171,32,3,4,1,1
1172,40,2,4,5,5
1173,12,3,4,2,3
1174,44,2,3,3,4
1175,40,3,3,2,4
1176,14,2,2,4,3
1177,52,2,3,3,4
1178,47,4,4,2,2
1179,33,4,3,2,3
1180,38,1,3,5,5
1181,54,2,4,5,4
1182,32,4,4,4,4
1183,27,2,3,4,5
1184,20,4,4,4,2
1185,23,3,5,4,5
1186,16,3,3,3,4
1187,23,1,4,2,2
1188,43,2,4,4,4
1189,30,1,2,1,2
1190,40,3,2,3,3
1191,13,1,1,4,2
1192,21,4,3,3,4
1193,16,4,4,4,2
1194,15,5,5,2,2
1195,9,1,3,2,2
1196,33,1,4,4,3
1197,34,5,4,2,1
1198,16,4,3,2,3
1199,38,4,2,3,4
1200,39,2,3,4,4
1201,22,3,5,4,5
1202,17,1,5,4,5
1203,4,2,5,4,4
1204,22,4,4,2,4
1205,30,3,3,2,1
1206,25,1,4,3,3
1207,16,5,4,5,3
1208,34,2,3,2,2
1209,14,2,3,4,2
1210,40,4,3,1,1
1211,20,1,3,4,3
1212,53,3,3,1,1
1213,22,2,4,4,3
1214,28,1,3,3,5
1215,15,3,3,4,4
1216,25,2,3,1,2
1217,19,3,3,3,3
1218,34,2,2,2,2
1219,12,1,4,1,1
1220,40,5,3,1,1
1221,23,3,2,4,5
1222,23,3,4,4,3
1223,34,1,2,1,4
1224,31,1,4,4,5
1225,48,4,2,5,2
1226,29,1,3,3,4
1227,12,3,4,3,3
1228,24,5,3,4,4
1229,15,2,3,5,5
1230,23,3,4,1,1
1231,18,3,4,3,4
1232,25,4,3,4,1
1233,20,5,4,3,1
1234,23,4,4,2,3
1235,20,4,2,4,3
1236,24,2,2,4,2
1237,28,1,3,3,1
1238,15,2,2,4,3
1239,13,1,4,4,4
1240,34,1,1,3,2
1241,25,1,2,4,2
1242,32,1,4,1,1
1243,10,1,3,2,2
1244,43,4,4,5,3
1245,16,3,3,3,4
1246,5,2,3,4,4
1247,9,2,4,3,4
1248,23,3,3,3,3
1249,24,2,1,1,1
1250,32,4,4,4,2
1251,12,1,3,4,4
1252,33,2,4,3,3
1253,27,2,4,1,4
1254,38,4,4,4,4
1255,9,3,4,2,3
1256,20,2,2,2,3
1257,17,4,5,3,4
1258,32,4,5,5,3
1259,11,1,4,2,4
1260,23,1,4,4,2
1261,27,3,3,4,4
1262,9,4,5,4,3
1263,17,2,4,4,2
1264,66,1,3,3,5
1265,15,5,1,5,2
1266,39,1,5,2,2
1267,33,1,5,4,4
1268,25,3,5,2,4
1269,26,5,5,5,2
1270,11,1,3,2,2
1271,19,4,4,2,3
1272,18,4,3,1,1
1273,36,3,3,4,4
1274,34,2,2,2,1
1275,21,5,4,1,2
1276,22,2,3,3,3
1277,15,4,3,5,1
1278,33,3,5,5,5
1279,43,4,4,4,3
1280,30,5,2,3,5
1281,12,4,3,4,5
1282,28,2,3,1,2
1283,36,2,2,3,4
1284,12,4,4,1,1
1285,27,2,2,1,5
1286,28,5,3,4,5
1287,31,5,4,2,2
1288,22,3,4,4,5
1289,27,1,4,5,5
1290,26,1,4,4,4
1291,25,4,4,4,3
1292,47,1,3,2,5
1293,39,4,3,2,3
1294,26,2,3,3,4
1295,18,4,5,4,4
1296,27,1,4,4,4
1297,49,2,2,4,4
1298,35,2,5,5,5
1299,25,5,3,3,2
1300,34,3,1,3,3
1301,20,2,5,3,4
1302,24,1,3,3,3
1303,35,4,4,2,1
1304,21,4,3,1,2
1305,19,2,3,2,2
1306,17,4,5,2,2
1307,36,1,1,2,3
1308,17,1,5,1,1
1309,29,4,5,2,1
1310,29,1,4,4,5
1311,17,5,4,3,3
1312,34,2,4,5,1
1313,41,5,5,5,3
1314,10,2,2,3,4
1315,73,1,4,3,4
1316,16,4,4,5,4
1317,28,3,5,4,3
1318,32,4,3,5,5
1319,35,1,2,1,3
1320,24,2,4,4,5
1321,32,4,1,1,4
1322,16,5,3,4,4
1323,22,4,4,4,4
1324,14,5,5,5,4
1325,25,2,2,4,4
1326,28,3,3,3,3
1327,26,4,3,3,4
1328,21,2,3,3,4
1329,9,2,4,4,1
1330,35,3,4,4,1
1331,23,3,4,3,5
1332,29,3,3,1,1
1333,10,4,5,2,2
1334,17,3,4,5,5
1335,25,1,3,3,3
1336,26,2,5,4,5
1337,34,3,2,2,1
1338,24,2,2,3,5
1339,26,3,3,3,3
1340,30,4,4,4,3
1341,15,3,4,3,2
1342,36,3,2,3,3
1343,52,5,4,1,1
1344,17,3,5,5,4
1345,27,4,3,3,3
1346,55,2,2,1,2
1347,25,3,3,4,5
1348,13,3,2,4,4
1349,20,3,3,3,3
1350,5,3,3,2,2
1351,17,3,1,1,1
1352,18,1,3,5,1
1353,17,4,5,2,4
1354,26,4,4,5,2
1355,21,1,3,3,1
1356,39,5,3,4,2
1357,26,4,5,5,3
1358,25,3,4,3,5
1359,7,3,3,2,3
1360,12,4,4,2,3
1361,22,4,5,4,4
1362,38,4,4,4,3
1363,41,4,4,3,4
1364,29,4,3,4,3
1365,20,3,3,3,2
1366,30,2,5,4,1
1367,38,3,3,3,3
1368,25,2,2,3,3
1369,22,3,2,2,2
1370,11,2,3,3,3
1371,32,5,4,2,3
1372,26,3,3,2,2
1373,25,2,4,2,3
1374,12,3,4,3,4
1375,37,5,4,1,1
1376,46,5,5,5,2
1377,18,5,4,3,2
1378,16,1,4,5,4
1379,22,1,5,3,5
1380,46,2,3,2,3
1381,27,3,4,4,2
1382,1,1,3,5,5
1383,21,4,5,4,2
1384,44,3,2,3,4
1385,21,2,4,3,3
1386,21,3,3,1,4
1387,40,2,3,4,4
1388,9,3,4,3,4
1389,21,4,4,2,1
1390,16,5,5,4,4
1391,54,1,5,5,5
1392,50,3,3,4,3
1393,32,1,3,2,3
1394,38,1,5,4,4
1395,48,3,3,3,2
1396,47,2,3,2,3
1397,34,5,5,4,2
1398,21,2,4,3,5
1399,31,1,3,4,3
1400,26,2,5,2,2
1401,34,1,1,1,1
1402,16,4,5,5,5
1403,39,4,3,1,1
1404,28,4,4,4,3
1405,14,4,3,5,5
1406,46,4,5,4,5
1407,30,4,4,4,4
1408,49,5,4,5,2
1409,34,4,3,5,4
1410,27,2,4,4,4
1411,33,1,5,3,3
1412,22,2,4,1,2
1413,37,4,4,4,3
1414,37,1,1,3,3
1415,19,5,3,2,2
1416,36,3,3,2,2
1417,23,1,3,3,4
1418,20,2,2,2,2
1419,28,4,4,4,4
1420,33,5,5,5,4
1421,20,4,4,2,2
1422,25,5,5,3,1
1423,9,3,4,3,4
1424,34,1,3,3,3
1425,40,3,5,5,2
1426,27,3,4,4,4
1427,25,3,3,4,4
1428,30,4,5,5,4
1429,43,3,3,2,3
1430,29,4,3,3,4
1431,14,3,3,4,2
1432,18,4,4,3,4
1433,25,4,3,2,2
1434,28,1,2,4,3
1435,18,3,4,4,5
1436,33,2,3,3,3
1437,16,4,4,3,3
1438,16,2,3,3,3
1439,34,5,4,1,3
1440,28,5,5,1,1
1441,27,3,4,2,3
1442,35,4,4,3,2
1443,42,5,5,4,3
1444,30,1,4,3,2
1445,32,2,3,3,3
1446,8,2,3,3,2
1447,32,3,2,1,2
1448,29,4,3,2,4
1449,41,2,5,5,4
1450,32,4,4,4,3
1451,71,2,4,2,4
1452,16,4,4,3,3
1453,38,2,4,3,3
1454,26,4,4,5,2
1455,10,4,3,1,1
1456,18,2,4,5,5
1457,34,2,1,3,3
1458,46,4,3,4,4
1459,64,4,4,1,1
1460,46,4,4,3,3
1461,15,2,4,2,2
1462,40,3,1,2,2
1463,42,2,1,1,1
1464,37,3,5,5,2
1465,15,4,2,4,4
1466,38,4,2,2,2
1467,16,2,3,2,4
1468,15,4,3,4,3
1469,14,4,4,3,4
1470,11,3,4,3,3
1471,39,3,4,3,3
1472,32,4,4,2,2
1473,41,2,3,5,2
1474,19,4,4,5,2
1475,22,1,2,3,5
1476,31,3,3,3,3
1477,84,2,4,2,1
1478,26,2,3,4,2
1479,20,2,3,3,3
1480,29,4,2,1,1
1481,16,4,3,1,2
1482,17,1,3,2,5
1483,30,2,3,2,2
1484,39,4,4,1,1
1485,33,2,2,4,3
1486,39,2,3,3,3
1487,41,2,3,3,2
1488,5,2,2,1,1
1489,29,4,2,1,1
1490,26,3,3,3,4
1491,9,4,3,2,4
1492,52,4,3,4,3
1493,30,5,4,3,4
1494,19,3,4,4,3
1495,38,2,3,4,3.019950125
1496,32,3,4,4,3.019950125
1497,24,1,4,3,3.019950125
1498,58,3,4,4,3.019950125
1499,37,1,4,2,3.019950125
1500,23,4,2,4,3.019950125
